pos	ref	reads_all	matches	mismatches	deletions	insertions	A	C	T	G	low_conf	homopolymer	predicted_methylation_site
1	A	6575	6575	0	0	0	6575	0	0	0	False		
2	A	6638	6638	0	0	0	6638	0	0	0	False		
3	T	6717	6717	0	0	0	0	0	6717	0	False		
4	G	6749	6729	20	0	9	7	10	3	6729	False		
5	A	6825	6818	3	4	8	6818	0	1	2	False		
6	T	6894	6890	3	1	6	0	0	6890	3	False		
7	A	6931	6891	25	15	10	6891	7	12	6	False		
8	C	7003	6962	24	17	18	6	6962	15	3	False		
9	G	7045	6986	47	12	7	42	1	4	6986	False		
10	G	7070	7064	6	0	4	4	2	0	7064	False		
11	C	7112	7077	29	6	3	2	7077	26	1	False		
12	G	7147	7053	89	5	2	40	23	26	7053	False		
13	A	7197	7177	12	8	13	7177	4	3	5	False		
14	C	7238	7209	17	12	10	4	7209	8	5	False		
15	C	7264	7232	28	4	2	2	7232	19	7	False		
16	A	7287	7242	40	5	11	7242	4	2	34	False		
17	C	7329	7286	8	35	5	1	7286	3	4	False		
18	C	7381	7337	32	12	30	2	7337	26	4	False		
19	G	7424	7273	80	71	21	29	16	35	7273	False		
20	A	7463	7423	13	27	4	7423	3	6	4	False		
21	G	8000	7905	65	30	6	22	17	26	7905	False		
22	A	8001	7949	23	29	16	7949	10	2	11	False		6mA
23	T	8002	7918	46	38	10	5	37	7918	4	False		6mA
24	C	8003	7851	104	48	20	7	7851	78	19	False		
25	T	8004	7939	38	27	19	18	14	7939	6	False		
26	A	8005	7908	60	37	9	7908	9	12	39	False		
27	C	8006	7947	22	37	8	11	7947	6	5	False		
28	A	8007	7959	23	25	3	7959	6	8	9	False		
29	C	8008	7934	40	34	18	22	7934	12	6	False		
30	T	8009	7920	22	67	6	2	17	7920	3	False		
31	C	8010	7934	56	20	23	9	7934	42	5	False		
32	T	8011	7922	15	74	3	0	14	7922	1	False		
33	T	8012	7980	13	19	15	1	10	7980	2	False		
34	T	8013	7887	82	44	51	3	77	7887	2	False		
35	C	8014	7876	40	98	3	7	7876	29	4	False		
36	C	8015	7977	13	25	6	5	7977	7	1	False		
37	C	8016	7983	25	8	15	3	7983	15	7	False		
38	T	8017	7960	37	20	44	8	12	7960	17	False		
39	A	8018	7957	17	44	6	7957	6	5	6	False		
40	C	8019	7970	14	35	4	4	7970	6	4	False		
41	A	8020	7962	29	29	18	7962	10	2	17	False		
42	C	8021	7966	30	25	32	2	7966	27	1	False		
43	G	8021	7901	101	19	12	45	45	11	7901	False		
44	A	8021	7994	11	16	6	7994	6	2	3	False		
45	C	8021	7935	50	36	10	7	7935	39	4	False		
46	G	8021	7859	122	40	14	103	9	10	7859	False		
47	C	8022	7936	27	59	17	9	7936	16	2	False		
48	T	8023	7927	13	83	9	8	3	7927	2	False		
49	C	8024	7908	41	75	27	22	7908	13	6	False		
50	T	8025	7836	18	171	88	3	11	7836	4	False		
51	T	8025	7954	29	42	41	3	22	7954	4	False		
52	C	8025	7864	52	109	5	17	7864	13	22	False		
53	C	8026	7860	85	81	28	49	7860	18	18	False		
54	G	8026	7589	322	115	61	230	14	78	7589	False		
55	A	8026	7927	13	86	19	7927	1	4	8	False		6mA
56	T	8027	7674	28	325	44	15	9	7674	4	False		6mA
57	C	8025	7436	125	464	72	45	7436	49	31	False		
58	T	8021	7241	92	688	2035	53	25	7241	14	False		
59	C	7972	3643	184	4145	75	94	3643	55	35	False		
60	T	7965	3846	113	4006	57	37	45	3846	31	False		
61	C	7963	3711	147	4105	54	26	3711	36	85	False		
62	A	7964	3954	105	3905	35	3954	26	27	52	False		
63	T	7966	4955	77	2934	22	14	28	4955	35	False		
64	C	7966	4947	72	2947	14	19	4947	31	22	False		
65	T	7966	4997	107	2862	67	31	45	4997	31	False		
66	C	7967	4841	176	2950	54	15	4841	31	130	False		
67	A	7966	4874	177	2915	63	4874	26	46	105	False		
68	A	7968	6162	109	1697	34	6162	62	20	27	False		
69	T	7970	6465	86	1419	44	33	37	6465	16	False		
70	C	7972	6625	48	1299	57	7	6625	25	16	False		
71	C	7972	6743	90	1139	13	12	6743	40	38	False		
72	T	7972	6803	66	1103	58	33	21	6803	12	False		
73	C	7972	6154	97	1721	16	20	6154	48	29	False		
74	C	7974	6459	76	1439	35	10	6459	49	17	False		
75	C	7976	6318	195	1463	17	16	6318	30	149	False		
76	A	7976	6324	148	1504	300	6324	106	21	21	False		
77	C	7975	1582	96	6297	25	59	1582	25	12	False	11	
78	C	7975	2386	114	5475	10	54	2386	30	30	False	11	
79	C	7975	3603	189	4183	9	99	3603	69	21	False	11	
80	C	7981	5213	92	2676	3	35	5213	40	17	False	11	
81	C	7988	5851	116	2021	7	21	5851	71	24	False	11	
82	C	7992	6080	138	1774	6	54	6080	31	53	False	11	
83	C	7993	6411	190	1392	1	41	6411	37	112	False	11	
84	C	7996	7014	125	857	8	25	7014	39	61	False	11	
85	C	7994	7208	95	691	10	37	7208	23	35	False	11	
86	C	7996	7086	264	646	34	190	7086	34	40	False	11	
87	C	7998	6595	787	616	69	419	6595	234	134	False	11	
88	A	7999	7466	100	433	54	7466	23	36	41	False		
89	G	7999	7360	196	443	220	31	39	126	7360	False		
90	A	7999	7909	33	57	86	7909	3	27	3	False		6mA
91	T	7998	7939	14	45	16	2	11	7939	1	False		6mA
92	C	7997	7561	321	115	17	18	7561	262	41	False		
93	G	7998	7864	63	71	8	14	12	37	7864	False		
94	G	7998	7863	80	55	21	31	22	27	7863	False		
95	A	7985	7787	19	179	101	7787	6	8	5	False		
96	A	7985	7863	34	88	4	7863	3	1	30	False		
97	G	7984	7805	85	94	10	35	20	30	7805	False		
98	A	7982	7833	62	87	20	7833	9	18	35	False		
99	G	7974	7795	45	134	10	34	8	3	7795	False		
100	C	7974	7749	111	114	17	21	7749	86	4	False		
101	A	7905	7772	59	74	19	7772	18	4	37	False		
102	C	7905	7782	84	39	25	6	7782	58	20	False		
103	A	7905	7764	110	31	40	7764	2	13	95	False		
104	C	7905	7806	74	25	26	5	7806	66	3	False		
105	G	7904	7785	70	49	43	39	10	21	7785	False		
106	T	7899	7781	36	82	37	4	25	7781	7	False		
107	C	7894	7786	51	57	7	10	7786	28	13	False		
108	T	7887	7742	61	84	63	15	39	7742	7	False		
109	G	7883	7709	143	31	20	46	92	5	7709	False		
110	A	7881	7821	21	39	4	7821	5	3	13	False		
111	A	7875	7838	24	13	6	7838	5	14	5	False		
112	C	7869	7801	49	19	22	3	7801	40	6	False		
113	T	7858	7834	9	15	4	2	4	7834	3	False		
114	C	7851	7795	31	25	7	5	7795	20	6	False		
115	C	7840	7813	18	9	19	6	7813	0	12	False		
116	A	7832	7785	26	21	5	7785	13	0	13	False		
117	G	7818	7767	24	27	12	16	5	3	7767	False		
118	T	7795	7769	12	14	6	0	7	7769	5	False		
119	C	7776	7714	35	27	1	4	7714	18	13	False		
120	A	7767	7735	18	14	11	7735	1	2	15	False		
121	C	7734	7687	15	32	9	0	7687	8	7	False		
122	C	7551	7507	38	6	19	19	7507	15	4	False		
123	G	7529	7430	47	52	9	28	14	5	7430	False		
124	A	7518	7493	6	19	12	7493	1	0	5	False		
125	T	7453	7419	13	21	3	1	9	7419	3	False		
126	G	7404	7360	15	29	6	8	4	3	7360	False		
127	T	7330	7254	35	41	12	5	24	7254	6	False		
128	A	7318	7275	26	17	18	7275	11	6	9	False		
129	T	7262	7240	3	19	14	0	3	7240	0	False		
130	C	7229	7170	23	36	5	14	7170	6	3	False		
131	T	7186	7122	19	45	10	3	14	7122	2	False		
132	C	7144	7063	44	37	9	7	7063	5	32	False		
133	G	7124	7069	33	22	20	6	16	11	7069	False		
134	T	7060	6996	26	38	9	6	9	6996	11	False		
135	A	7050	7015	25	10	12	7015	18	4	3	False		
136	T	6992	6954	30	8	7	0	29	6954	1	False		
137	G	6967	6936	17	14	7	12	3	2	6936	False		
138	C	6929	6894	16	19	10	4	6894	10	2	False		
139	C	6877	6840	31	6	27	6	6840	21	4	False		
140	G	6827	6801	10	16	14	4	2	4	6801	False		
141	T	6739	6715	2	22	4	0	1	6715	1	False		
142	C	6676	6644	25	7	18	9	6644	14	2	False		
143	T	6590	6550	11	29	6	1	8	6550	2	False		
144	T	6511	6501	1	9	8	1	0	6501	0	False		
145	C	6457	6419	6	32	1	2	6419	2	2	False		
146	T	6362	6341	7	14	2	0	7	6341	0	False		
147	G	6319	6307	3	9	1	0	2	1	6307	False		
148	C	6235	6232	3	0	0	0	6232	2	1	False		
149	T	6159	6159	0	0	0	0	0	6159	0	False		
150	T	5980	5980	0	0	0	0	0	5980	0	False		
151	G	5846	5846	0	0	0	0	0	0	5846	False		
